topic,topic_label,mapped_structural_category,mapped_structural_category_label,finanzen,personalfinance,difference_finanzen_minus_personalfinance,mean_topic_share,topic_n_posts,matched_seed_terms
25,"T25: credit, debt, loan, pay, card",financial_institutions_products,Financial institutions / products,0.0066609368285345935,0.07864202836269875,-0.07198109153416415,0.04265148259561667,681,auto loan; balance; car loan; credit card; debt; home loan; ing; loan; payment; payments; paypal; vehicle loan
13,"T13: ira, roth, roth ira, traditional, account",financial_institutions_products,Financial institutions / products,0.0,0.060593038246669534,-0.060593038246669534,0.030296519123334767,632,account; brokerage account; ira
1,"T1: savings, account, saving, save, savings account",financial_institutions_products,Financial institutions / products,0.013536742587021916,0.05199828104856038,-0.038461538461538464,0.032767511817791146,535,account; brokerage account; car loan; credit card; debt; ing; payment; payments; paypal
15,"T15: retirement, employer, pension, ira, rente",financial_institutions_products,Financial institutions / products,0.024709926944563816,0.05951869359690589,-0.034808766652342074,0.04211431027073485,682,account; brokerage account; ing; ira; versicherung
20,"T20: mortgage, loan, home, house, rate",financial_institutions_products,Financial institutions / products,0.008594757198109154,0.04340352385045122,-0.03480876665234207,0.02599914052428019,658,auto loan; bank; bankkonto; car loan; credit card; debt; home loan; ing; loan; mortgage; payment; payments; paypal; vehicle loan
3,"T3: depot, republic, trade republic, trade, kaufen",financial_institutions_products,Financial institutions / products,0.09432746024924796,0.011602922217447357,0.0827245380318006,0.052965191233347655,788,broker; depot; flatex; trade republic
24,"T24: invest, investing, investment, investieren, fund",investment_strategy,Investment strategy,0.022990975504941984,0.06231198968629136,-0.03932101418134938,0.04265148259561667,703,index fund; invest; investment; portfolio; stock; stocks; vanguard
7,"T7: aktien, aktie, stock, verkaufen, broker",investment_strategy,Investment strategy,0.05113880532874946,0.015470562956596476,0.035668242372152985,0.03330468414267297,748,aktie; aktien; etf; portfolio; stock; stocks
12,"T12: etf, msci, world, etfs, broker",investment_strategy,Investment strategy,0.04834550923936399,0.0045122475290073055,0.04383326171035668,0.026428878384185648,680,a1jx52; aktie; aktien; etf; ftse; invest; msci; vanguard
28,"T28: sparplan, depot, zinsen, etf, a1jx52",investment_strategy,Investment strategy,0.07434464976364417,0.0040825096691018475,0.07026214009454233,0.03921357971637301,696,a1jx52; dividende; etf; invest; sparplan
17,"T17: etf, etfs, investieren, sparplan, msci",investment_strategy,Investment strategy,0.07885689729265148,0.0058014611087236784,0.0730554361839278,0.04232917920068758,962,a1jx52; aktie; aktien; etf; ftse; invest; msci; portfolio; sparplan; vanguard
16,"T16: usa, world, weiter, msci, inflation",macro_economic_context,Macro-economic context,0.07198109153416415,0.003867640739149119,0.06811345079501503,0.03792436613665664,557,arbeitsmarkt; inflation; wirtschaft; zinsen
18,"T18: job, work, debt, savings, car",planning_budgeting_control,Planning / budgeting / control,0.019553072625698324,0.08186506231198969,-0.06231198968629136,0.050709067468844,724,expense; expenses; home; income; monthly; rent; saving; savings
22,"T22: steuererklärung, steuern, steuer, tax, einkommen",policy_regulation,Policy / regulation,0.041254834550923936,0.006446067898581865,0.034808766652342074,0.0238504512247529,521,finanzamt; steuer; steuern; tax; taxes
14,"T14: deutschland, schweiz, deutschen, deutsche, steuern",policy_regulation,Policy / regulation,0.051353674258702194,0.0006446067898581865,0.05070906746884401,0.02599914052428019,525,steuer; steuern
5,"T5: car, loan, auto, vehicle, pay",practical_problem_solving,Practical problem-solving,0.014396218306832832,0.09475719810915342,-0.0803609798023206,0.054576708207993124,854,pay; pay off; paying; payment; payments; repay
